{"login":"hemant14050","id":112842857,"node_id":"U_kgDOBrnYaQ","avatar_url":"https://avatars.githubusercontent.com/u/112842857?v=4","gravatar_id":"","url":"https://api.github.com/users/hemant14050","html_url":"https://github.com/hemant14050","followers_url":"https://api.github.com/users/hemant14050/followers","following_url":"https://api.github.com/users/hemant14050/following{/other_user}","gists_url":"https://api.github.com/users/hemant14050/gists{/gist_id}","starred_url":"https://api.github.com/users/hemant14050/starred{/owner}{/repo}","subscriptions_url":"https://api.github.com/users/hemant14050/subscriptions","organizations_url":"https://api.github.com/users/hemant14050/orgs","repos_url":"https://api.github.com/users/hemant14050/repos","events_url":"https://api.github.com/users/hemant14050/events{/privacy}","received_events_url":"https://api.github.com/users/hemant14050/received_events","type":"User","site_admin":false,"name":"Hemant Patil","company":null,"blog":"","location":null,"email":null,"hireable":null,"bio":"Growing up with technology🔥","twitter_username":null,"public_repos":16,"public_gists":0,"followers":1,"following":6,"created_at":"2022-09-05T04:21:42Z","updated_at":"2023-06-19T13:03:57Z"}